<?xml version="1.0" encoding="UTF-8"?>
<component name="firstVideoComponent" extends="Group" initialFocus="firstVideo">
    <script type="text/brightscript" uri="firstVideoComponent.brs" />
    <interface>

        <field id="itemContent" type="node" onChange="setContent" />
        <!-- <field id="increaseVideoSize" type="boolean" onChange="handleIncreaseVideoSize"/> -->
        
    </interface>
    <children>
        <Rectangle width="1920" height="1080" color="#000000">
            <Video
            id="firstVideo"
            height="600"
            width="800"
            translation="[0,0]"
            visible="true"
            
            />
        </Rectangle>
    </children>
    <!-- 
        thumbnailTiles='{
                "htiles":"2",
                "vtiles":"2",
                "height":"10",
                "width":"10"
            }'
        
        <Rectangle width="1920" height="1080" color="#000000">
         Play the video here 
        <Video
            id="videoId"
            width="1280"
            height="720"
            translation="[0,0]"
        />
    </Rectangle> -->
</component>