<?xml version="1.0" encoding="UTF-8"?>
<component name="searchComponent" extends="Group" initialFocus="firstVideoMUG">
    <script type="text/brightscript" uri="searchComponent.brs" />
    <interface>
        <field id="setFocus" type="boolean" onChange="onSetFocus" alwaysNotify="true" />
    </interface>
    <children>
        
        <LayoutGroup id="outerLayoutGroup" translation="[300, 400]">
            <MarkupGrid id="firstVideoMUG" itemComponentName="firstVideoComponent" numColumns="1" numRows="1" itemSize="[600, 300]"  />
        </LayoutGroup>
        
        
    </children>
</component>